marker_id,x,y,yaw,marker_x,marker_y,marker_yaw
0,-2.594854,-9.919190,0.000000,-2.594854,-9.919190,1.570796
1,-1.062673,-9.875330,0.079830,-1.062673,-9.875330,1.650626
2,-0.169542,-9.803880,0.079830,-0.169542,-9.803880,1.650626
3,0.723588,-9.732429,0.079830,0.723588,-9.732429,1.650626
4,1.616719,-9.660979,0.079830,1.616719,-9.660979,1.650626
5,2.509849,-9.589529,0.079830,2.509849,-9.589529,1.650626
6,3.402979,-9.518078,0.079830,3.402979,-9.518078,1.650626
7,4.296110,-9.446628,0.079830,4.296110,-9.446628,1.650626
8,4.855878,-8.852889,1.549850,4.855878,-8.852889,3.120646
9,4.871892,-8.088493,1.549850,4.871892,-8.088493,3.120646
10,4.887906,-7.324097,1.549850,4.887906,-7.324097,3.120646
11,4.903919,-6.559701,1.549850,4.903919,-6.559701,3.120646
12,4.919933,-5.795305,1.549850,4.919933,-5.795305,3.120646
13,4.935947,-5.030909,1.549850,4.935947,-5.030909,3.120646
14,4.951961,-4.266513,1.549850,4.951961,-4.266513,3.120646
15,4.967975,-3.502118,1.549850,4.967975,-3.502118,3.120646
16,4.983989,-2.737722,1.549850,4.983989,-2.737722,3.120646
17,5.000003,-1.973326,1.549850,5.000003,-1.973326,3.120646
18,5.016017,-1.208930,1.549850,5.016017,-1.208930,3.120646
19,5.032030,-0.444534,1.549850,5.032030,-0.444534,3.120646
20,5.048044,0.319862,1.549850,5.048044,0.319862,3.120646
21,5.064058,1.084258,1.549850,5.064058,1.084258,3.120646
22,4.837576,2.129975,2.018316,4.837576,2.129975,3.589113
23,4.277582,3.296628,2.018316,4.277582,3.296628,3.589113
24,3.717589,4.463280,2.018316,3.717589,4.463280,3.589113
25,2.993504,5.216456,2.654693,2.993504,5.216456,4.225490
26,1.605538,5.951262,2.654693,1.605538,5.951262,4.225490
27,0.569455,6.208600,3.141593,0.569455,6.208600,4.712389
28,-0.785851,6.208600,3.141593,-0.785851,6.208600,4.712389
29,-1.790661,5.899330,-2.544416,-1.790661,5.899330,-0.973620
30,-2.472181,5.435896,-2.544416,-2.472181,5.435896,-0.973620
31,-3.153701,4.972463,-2.544416,-3.153701,4.972463,-0.973620
32,-3.835221,4.509029,-2.544416,-3.835221,4.509029,-0.973620
33,-4.516740,4.045595,-2.544416,-4.516740,4.045595,-0.973620
34,-5.198260,3.582162,-2.544416,-5.198260,3.582162,-0.973620
35,-5.879780,3.118728,-2.544416,-5.879780,3.118728,-0.973620
36,-6.334590,2.259458,-1.570796,-6.334590,2.259458,0.000000
37,-6.334590,0.755989,-1.570796,-6.334590,0.755989,0.000000
38,-6.228361,-0.333655,-1.376431,-6.228361,-0.333655,0.194365
39,-6.078065,-1.097160,-1.376431,-6.078065,-1.097160,0.194365
40,-5.927768,-1.860665,-1.376431,-5.927768,-1.860665,0.194365
41,-5.777472,-2.624170,-1.376431,-5.777472,-2.624170,0.194365
42,-5.627176,-3.387675,-1.376431,-5.627176,-3.387675,0.194365
43,-5.476880,-4.151180,-1.376431,-5.476880,-4.151180,0.194365
44,-5.326583,-4.914685,-1.376431,-5.326583,-4.914685,0.194365
45,-5.176287,-5.678190,-1.376431,-5.176287,-5.678190,0.194365
46,-5.025991,-6.441695,-1.376431,-5.025991,-6.441695,0.194365
47,-4.875695,-7.205200,-1.376431,-4.875695,-7.205200,0.194365
48,-4.725398,-7.968705,-1.376431,-4.725398,-7.968705,0.194365
49,-4.575102,-8.732210,-1.376431,-4.575102,-8.732210,0.194365
